"Speaker","WordCount","Percentage"
"GIRLS",4,0.00664451827242525
"JIJI",65,0.10797342192691
"KIKI",230,0.382059800664452
"OSONO",279,0.463455149501661
"TOMBO",24,0.0398671096345515
