"Speaker","WordCount","Percentage"
"GUEST",37,0.0435806831566549
"JIJI",122,0.143698468786808
"KETTO",55,0.0647820965842167
"KETTO'S-MOTHER",79,0.0930506478209658
"KIKI",336,0.395759717314488
"MAKI",57,0.0671378091872792
"OSONO",41,0.0482921083627797
"TOMBO",9,0.0106007067137809
"URSULA",113,0.133097762073027
